<?xml version="1.0" encoding="UTF-8" standalone="yes"?>
<addon id="script.pseudotv.live" version="0.6.2d" name="PseudoTV Live" provider-name="Lunatixz">
    <requires>
        <import addon="xbmc.python" version="2.1.0"/>
        <import addon="script.extendedinfo" version="2.0.0"/>
        <import addon="script.globalsearch" version="2.0.8"/>
        <import addon="plugin.video.youtube" version="4.4.8"/>
        <import addon="script.module.buggalo" version="1.1.6"/>
        <import addon="plugin.video.ustvnow" version="9.9.9" />
        <import addon="script.module.requests" version="2.4.3"/>
        <import addon="script.module.feedparser" version="5.1.3"/>
        <import addon="script.module.simplejson" version="2.0.10"/>
        <import addon="script.module.metahandler" version="2.7.0"/>
        <import addon="script.common.plugin.cache" version="2.5.5"/>
        <import addon="script.tv.show.next.aired" version="6.0.12"/>
        <import addon="script.module.addon.common" version="2.0.0"/>
        <import addon="script.artwork.downloader" version="12.0.27"/>
        <import addon="script.module.beautifulsoup" version="3.2.1"/>
        <import addon="script.module.simple.downloader" version="1.9.5"/>
        <import addon="script.module.pil" optional="true"/>
        <import addon="plugin.video.vimeo" optional="true"/>
        <import addon="script.module.youtube.dl" optional="true"/>
        <import addon="plugin.video.playonbrowser" optional="true"/>
        <import addon="plugin.program.super.favourites" optional="true"/>
    </requires>
    <extension point="xbmc.python.script" library="default.py">
        <provides>Programs</provides>
        <res width="1920" height="1080" aspect="16:9" default="true" folder="1080i" />
    </extension>
    <extension point="xbmc.service" library="service.py" start="startup"/>
    <extension point="xbmc.addon.metadata">
        <summary lang="en">Channel surfing for your video library and online sources</summary>
        <description lang="en">PseudoTV Live acts similar to normal broadcast or cable TV, complete with multiple preset and user-defined channels and an EPG. 
        PseudoTV Live can directly integrate with various Kodi plugins and video sources such as Playon, Hdhomerun and PVR backends.</description>
        <summary lang="pt">Surfing de canal para sua biblioteca de vídeo e streaming on-line</summary>
        <description lang="pt">PseudoTV Live atua semelhante a transmissão normal ou TV a cabo, completo com pré-ajustes e canais definidos pelo usuário e um EPG.</description>
        <disclaimer lang="en">This software is a BETA release, bugs maybe common until final release.</disclaimer>
        <language>en</language>
        <platform>all</platform>
        <license>GNU GENERAL PUBLIC LICENSE. Version 3, June 2007</license>
        <source>https://github.com/Lunatixz/XBMC_Addons/tree/master/script.pseudotv.live</source>
        <forum>http://forum.kodi.tv/showthread.php?tid=169032</forum>
    </extension>
</addon>