<?xml version="1.0" encoding="UTF-8" standalone="yes"?>
<addon id="script.kitchen.service" version="0.0.2" name="Kitchen Service" provider-name="Lunatixz">
    <requires>
        <import addon="xbmc.python" version="2.14.0"/>
    </requires>
    <extension point="xbmc.python.pluginsource" library="main.py">
        <provides>executable</provides>
    </extension>
    <extension point="xbmc.service" library="service.py" start="startup"/>
    <extension point="xbmc.addon.metadata">
        <summary lang="en">Custom Script - For My Needs!</summary>
        <description lang="en">Toggle Kitchen Kodi Mute by ping state of adjacent TV. Set Kitchen Kodi TV Volume by Day/Night</description>
        <disclaimer lang="en" >This software is a BETA release, bugs maybe common until final release.</disclaimer>  
        <platform>all</platform>
        <license>GNU GENERAL PUBLIC LICENSE. Version 3, June 2007</license>
    </extension>
</addon>