<?xml version="1.0" encoding="UTF-8" standalone="yes"?>
<addon id="script.video.mirror.service" version="0.0.1" name="Video Mirror" provider-name="Lunatixz">
    <requires>
        <import addon="xbmc.python" version="2.14.0"/>
        <import addon="script.module.requests" version="2.7.0"/>
    </requires>
    <extension point="xbmc.python.pluginsource" library="main.py">
        <provides>executable</provides>
    </extension>
    <extension point="xbmc.service" library="service.py" start="startup"/>
    <extension point="xbmc.addon.metadata">
        <summary lang="en">Mirror playback to Multiple Kodi instances</summary>
        <description lang="en">Create a Multiroom Kodi experience, Mirror one Kodi to Multiple instances throughout your house </description>
        <disclaimer lang="en" >This software is a BETA release, bugs maybe common until final release.</disclaimer>  
        <platform>all</platform>
        <license>GNU GENERAL PUBLIC LICENSE. Version 3, June 2007</license>
    </extension>
</addon>