<?xml version="1.0" encoding="UTF-8" standalone="yes"?>
<addon id="script.module.pylast" version="0.0.1" name="pylast" provider-name="Lunatixz">
    <requires>
        <import addon="xbmc.python" version="2.14.0" />
        <import addon="script.module.six" version="0.0.1" />
    </requires>
    <extension library="lib" point="xbmc.python.module" />
    <extension point="xbmc.addon.metadata">
        <summary lang="en_US"></summary>
        <description lang="en_US">A Python interface to Last.fm and Libre.fm</description>
        <forum></forum>
        <website>https://pypi.python.org/pypi/pylast</website>
        <license>BSD</license>
        <platform>all</platform>
        <source>https://github.com/pylast/pylast</source>
    </extension>
</addon>
