<?xml version="1.0" encoding="UTF-8"?>
<addon id="plugin.video.ustvnow" name="USTVnow" provider-name="Lunatixz" version="12.0.22">
    <requires>
        <import addon="xbmc.python" version="2.1.0" />
    </requires>
    <extension library="main.py" point="xbmc.python.pluginsource">
        <provides>video</provides>
    </extension>
    <extension point="xbmc.addon.metadata">
        <summary lang="en_US">Watch All the Major American Television Networks Live in HD for Free!</summary>
        <description lang="en_US">Watch All the Major American Television Networks Live in HD! Entirely Legal and Free! You can also record content through their web site, and there is an optional premium service available with all kinds of other channels. Signup for a free account through the following link today: http://watch.ustvnow.com</description>
        <platform>all</platform>
        <forum>http://forum.kodi.tv/showthread.php?tid=233135</forum>
        <website>http://watch.ustvnow.com/</website>
    </extension>
</addon>
