<?xml version="1.0" encoding="UTF-8" standalone="yes"?>
<addon id="script.pseudotv.live" version="0.7.3c" name="PseudoTV Live" provider-name="Lunatixz">
    <requires>
        <import addon="xbmc.python" version="2.14.0"/>
        <import addon="script.module.buggalo" version="1.1.6" optional="false"/>
        <import addon="script.module.requests" version="2.7.0" optional="false"/>
        <import addon="script.module.pyfscache" version="0.9.12" optional="false"/>
        <import addon="script.module.feedparser" version="5.1.3" optional="false"/>
        <import addon="script.module.simplejson" version="3.3.0" optional="false"/>
        <import addon="script.module.beautifulsoup" version="3.2.1" optional="false"/>
        <import addon="script.module.metahandler" version="2.7.0" optional="false"/>
        <import addon="script.common.plugin.cache" version="2.5.5" optional="false"/>
        <import addon="script.module.t0mm0.common" version="2.1.1" optional="false"/>
        <import addon="script.module.youtube.dl" version="15.318.0" optional="false"/>
        <import addon="script.module.simple.downloader" version="1.9.5" optional="false"/>
        <import addon="script.artwork.downloader" version="12.0.29" optional="true"/>
        <import addon="script.tv.show.next.aired" version="6.0.13" optional="true"/>
        <import addon="plugin.program.super.favourites" version="1.0.35" optional="true"/>
        <import addon="script.extendedinfo" version="3.0.1" optional="true"/>
        <import addon="plugin.video.youtube" version="5.1.8" optional="true"/>
        <import addon="plugin.video.vimeo" version="4.1.4" optional="true"/>
        <import addon="plugin.video.playonbrowser" version="1.0.3" optional="true"/>
        <import addon="plugin.video.ustvnow" version="12.0.3" optional="true"/>    
        <import addon="script.module.pil" version="0.0.1" optional="true"/>
        <import addon="script.skin.helper.service" version="0.0.43" optional="true"/>
        <import addon="context.pseudotv.live.export" version="1.0.4" optional="true"/>
    </requires>
    <extension point="xbmc.python.script" library="default.py">
        <provides>Programs</provides>
        <res width="1920" height="1080" aspect="16:9" default="true" folder="1080i" />
    </extension>
    <extension point="xbmc.service" library="service.py" start="startup"/>
    <extension point="xbmc.addon.metadata">
        <summary lang="en">Channel surfing for your local and online content.</summary>
        <description lang="en">Bring back the TV viewing experience with PseudoTV Live. PseudoTV Live acts similar to a normal broadcast or cable TV, complete with multiple preset and user-defined channels. PseudoTV Live provides all the familiar functions of a cable settop box ie. TV Listings, OnDemand, StartOver and Multi-Room Sharing to name a few. Integrate directly with Kodi, pooling channels from your local library, Kodi favorites, Video/Music Plugins and Kodis PVR Backend. Netflix, Hulu, LiveTV, all your local media organized simply into user friendly channels. You can also configure channels directly from your favorite sites and devices including Youtube, Playon, Plex, Emby and your Hdhomerun devices. Use the advanced channel configuration tools provided to create a wide variety of channels or if you're a beginner let PseudoTV Live take care of the work using the built in "AutoTuning" feature.</description> 
        <disclaimer lang="en">This software is a BETA release, bugs maybe common until final release.</disclaimer>
        <language>en</language>
        <platform>all</platform>
        <license>GNU GENERAL PUBLIC LICENSE. Version 3, June 2007</license>
        <source>https://github.com/PseudoTV/PseudoTV_Live</source>
        <email>pseudotvlive@gmail.com</email>
        <website>www.pseudotvlive.com</website>
        <forum>http://forum.kodi.tv/forumdisplay.php?fid=231</forum>
    </extension>
</addon>