<?xml version="1.0" encoding="UTF-8"?>
<addon id="plugin.video.ustvnow" version="12.0.0" name="USTVnow" provider-name="Lunatixz">
    <requires>
        <import addon="xbmc.python" version="2.1.0"/>
    </requires>
    <extension point="xbmc.python.pluginsource" library="default.py">
        <provides>video</provides>
    </extension>
    <extension point="xbmc.addon.metadata">
        <summary lang="en">Plays live streams and recordings from ustvnow.com</summary>
        <description lang="en">Live streaming US TV. You MUST log in to view streams (see addon settings). You can also play any recordings you have made on ustvnow.com</description>
        <platform>all</platform>
        <language>en</language>
        <license>GNU GENERAL PUBLIC LICENSE. Version 3, June 2007</license>
        <source>https://github.com/Lunatixz/XBMC_Addons/tree/master/plugin.video.ustvnow</source>
        <forum>http://forum.kodi.tv/showthread.php?tid=233135</forum>   
    </extension>
</addon>