<?xml version="1.0" encoding="UTF-8"?>
<addon id="plugin.video.theparamountvault" version="1.0.0" name="The Paramount Vault" provider-name="Lunatixz">
    <requires>
        <import addon="xbmc.python" version="2.14.0"/>
        <import addon="script.module.requests" version="2.7.0"/>
        <import addon="script.module.pyfscache" version="0.9.12"/>
        <import addon="script.module.feedparser" version="5.1.3"/>
        <import addon="script.module.simplejson" version="3.3.0"/>
        <import addon="script.module.beautifulsoup" version="3.2.1"/>
        <import addon="script.module.metahandler" version="2.9.0"/>
        <import addon="plugin.video.youtube" version="5.1.8"/>
    </requires>
    <extension point="xbmc.python.pluginsource" library="default.py">
        <provides>video</provides>
    </extension>
    <extension point="xbmc.addon.metadata">
        <summary lang="en">The Paramount Vault</summary>
        <description lang="en">The Paramount Vault showcases a collection of Paramount full-length films and clips including selections that range from black-and-white to color, comedy to horror, and everything in between. Viewers are invited to explore the vast landscape of cinema’s history, share their favorite films, and discover new ones through this official channel created by Paramount Pictures.</description>
        <disclaimer lang="en">This software is a BETA release, bugs maybe common until final release.</disclaimer>
        <platform>all</platform>
        <license>GNU GENERAL PUBLIC LICENSE. Version 3, June 2007</license>
        <source>https://github.com/Lunatixz/XBMC_Addons/tree/master/plugin.video.theparamountvault</source>
        <email>pseudotvlive@gmail.com</email>
        <website>www.pseudotvlive.com</website>
        <forum>http://pseudotvlive.com/index.php/forum</forum>
    </extension>
</addon>