<?xml version="1.0" encoding="UTF-8" standalone="yes"?>
<addon id="script.module.pyhdhr" version="0.0.1" name="pyHDHR" provider-name="Lunatixz">
    <requires>
        <import addon="xbmc.python" version="2.14.0" />
        <import addon="script.module.simplejson" version="3.3.0"/>
    </requires>
    <extension library="lib" point="xbmc.python.module" />
    <extension point="xbmc.addon.metadata">
        <summary lang="en_US">A Python interface for the HDHomeRun JSON API</summary>
        <description lang="en_US">A Python interface for the HDHomeRun JSON API</description>
        <forum>http://forum.kodi.tv</forum>
        <website>https://www.silicondust.com/forum/viewtopic.php?t=42717</website>
        <license>MIT</license>
        <platform>all</platform>
        <source>https://github.com/jumpmanjay/PyHDHR</source>
        <news></news>
		<assets>
			<icon>icon.png</icon>
		</assets>
    </extension>
</addon>
