<?xml version="1.0" encoding="UTF-8" standalone="yes"?>
<addon id="plugin.video.pseudo.companion" version="0.0.3" name="PseudoCompanion" provider-name="Lunatixz">
    <requires>
        <import addon="xbmc.python" version="2.14.0"/>
        <import addon="script.module.requests" />
        <import addon="script.module.simplejson" /> 
        <import addon="script.module.metahandler" version="2.5.1"/>	
        <import addon="script.common.plugin.cache" version="2.5.2"/>
        <import addon="script.pseudotv.live" version="0.7.2"/>	
    </requires>
    <extension point="xbmc.python.pluginsource" library="default.py">
    <provides>video</provides>
    </extension>
    <extension point="xbmc.service" library="service.py" start="startup"/>
    <extension point="xbmc.addon.metadata">
        <platform>all</platform>
        <summary lang="en">PseudoTV Live Companion Tool</summary>
        <description lang="en">Control PseudoTV Live via Yatse app. Parse Exclusive Content... Extend PseudoTV Lives Functionality.</description>
    </extension>
</addon>
