<?xml version="1.0" encoding="UTF-8" standalone="yes"?>
<addon id="script.pseudotv.live" version="0.8.0d" name="PseudoTV Live" provider-name="Lunatixz">
    <requires>
        <import addon="xbmc.python" version="2.14.0"/>
        <import addon="context.pseudotv.live.export" version="1.0.8"/>
        <import addon="plugin.video.pseudo.companion" version="0.0.7"/>
        <import addon="script.module.pil" version="0.0.1"/>
        <import addon="script.module.urlresolver" version="0.0.1"/>
        <import addon="script.module.buggalo" version="1.1.6"/>
        <import addon="script.module.requests" version="2.7.0"/>
        <import addon="script.module.pyfscache" version="0.9.12"/>
        <import addon="script.module.feedparser" version="5.1.3"/>
        <import addon="script.module.simplejson" version="3.3.0"/>
        <import addon="script.module.beautifulsoup" version="3.2.1"/>
        <import addon="script.module.metahandler" version="2.9.0"/>
        <import addon="script.common.plugin.cache" version="2.5.5"/>
        <import addon="script.module.youtube.dl" version="15.318.0"/>
        <import addon="script.module.simple.downloader" version="1.9.5"/>
        <import addon="script.artwork.downloader" version="12.0.29"/>
        <import addon="script.tv.show.next.aired" version="6.0.13"/>
        <import addon="script.extendedinfo" version="3.0.1"/>
        <import addon="plugin.video.youtube" version="5.1.8" optional="true"/>
        <import addon="plugin.video.vimeo" version="4.1.4" optional="true"/>
        <import addon="plugin.video.ustvnow" version="12.0.3" optional="true"/>
        <import addon="plugin.video.playonbrowser" version="1.0.3" optional="true"/>
        <import addon="plugin.program.super.favourites" version="1.0.35" optional="true"/>
    </requires>
    <extension point="xbmc.python.script" library="default.py">
        <provides>executable</provides>
    </extension>
    <extension point="xbmc.service" library="service.py" start="startup"/>
    <extension point="xbmc.addon.metadata">
        <summary lang="en">Set-Top box solution for your Kodi content.</summary>
        <description lang="en">PseudoTV Live acts similar to normal broadcast and cable TV. Complete with multiple preset, user-defined channels and a EPG, Features include:&#10;&#10;- Direct integrate with Kodi sources such as plugins, library media, UPNP and PVR backends.&#10;&#10;- Support for third-party hardware and sevices like HDhomerun, USTVnow, Emby and Plex.&#10;&#10;- Familiar family friendly settop Interface and controls.&#10;&#10;- Automatic channel creation using the autotuning option&#10;&#10;- In-App Channel Manager provides easy channel creation&#10;&#10;- Channel rules that allow a customizable experience.</description>
        <disclaimer lang="en" >This software is a BETA release, bugs maybe common until final release.</disclaimer>  
        <platform>all</platform>
        <license>GNU GENERAL PUBLIC LICENSE. Version 3, June 2007</license>
        <source>https://github.com/Lunatixz/XBMC_Addons/tree/master/script.pseudotv.live</source>
        <email>pseudotvlive@gmail.com</email>
        <website>http://www.pseudotvlive.com</website>
        <forum>http://pseudotvlive.com/index.php/forum</forum>
    </extension>
</addon>