<?xml version="1.0" encoding="utf-8"?>
<window>
    <allowoverlay>no</allowoverlay>   
    <onload>SetProperty(PTVL.OnDemand_Opened,true,10000)</onload>
    <onunload>SetProperty(PTVL.OnDemand_Opened,false,10000)</onunload>
    <onload condition="StringCompare((Window(10000).Property(PTVL.VideoWindow)),true)">ActivateWindow(10006)</onload><!-- Activate random window, workaround for videowindow starting paused -->
    <onunload>ActivateWindow(12005)</onunload>
    <zorder>1</zorder>
    <coordinates>
        <system>1</system>
        <posx>0</posx>
        <posy>0</posy>
    </coordinates>
    <controls>
        <control type="group">  
            <posx>0</posx>
            <posy>0</posy>
            <control type="image">
                <width>1920</width>
                <height>1080</height>
                <description>ONDEMAND Background</description>
                <texture>ONDEMANDbackground.png</texture>
                <colordiffuse>FFFFFFFF</colordiffuse>
            </control>         
            <control type="image">
                <description>EPG Selection Overlay</description>
                <texture colordiffuse="$INFO[Window(home).Property(WindowColor)]">ONDEMANDoverlay.png</texture>
                <width>1920</width>
                <height>1080</height>
                <animation effect="fade" start="100" end="0" time="1000">WindowOpen</animation>
            </control>
        </control>
        <control type="grouplist">
            <posx>30</posx>
            <posy>15</posy>
            <itemgap>10</itemgap>
            <orientation>vertical</orientation>
            <animation effect="fade" start="95" end="95" condition="True">Conditional</animation>
            <control type="label"> 
                <description>Static VideoWindow Box Label</description>
                <width>360</width>       
                <height>24</height>
                <font>font12</font>
                <textcolor>C0C0C0C0</textcolor>
                <shadowcolor>ff000000</shadowcolor>
                <align>center</align>
                <scroll>true</scroll>
                <scrollspeed>40</scrollspeed>
                <label>$INFO[Window(10000).Property(OVERLAY.Title)]</label>
                <visible>!StringCompare((Window(10000).Property(PTVL.VideoWindow)),true)</visible>
                <aligny>center</aligny>
            </control>
            <control type="image">
                <description>Static VideoWindow Box Art</description>
                <width>360</width>      
                <height>180</height>
                <align>center</align>
                <aligny>center</aligny>
                <aspectratio>keep</aspectratio>
                <texture background="true">$INFO[Window(10000).Property(OVERLAY.landscape)]</texture>
                <visible>!StringCompare((Window(10000).Property(PTVL.VideoWindow)),true)</visible>
            </control>
        </control>   
        <control type="grouplist">
            <posx>30</posx>
            <posy>15</posy>
            <itemgap>10</itemgap>
            <orientation>vertical</orientation>
            <animation effect="fade" start="95" end="95" condition="True">Conditional</animation>
            <control type="label"> 
                <description>VideoWindow Box Label</description>
                <width>360</width>       
                <height>24</height>
                <font>font12</font>
                <textcolor>C0C0C0C0</textcolor>
                <shadowcolor>ff000000</shadowcolor>
                <align>center</align>
                <scroll>true</scroll>
                <scrollspeed>40</scrollspeed>
                <label>$INFO[Window(10000).Property(OVERLAY.Title)]</label>
                <visible>StringCompare((Window(10000).Property(PTVL.VideoWindow)),true)</visible>
                <aligny>center</aligny>
            </control>
            <control type="videowindow">
                <description>VideoWindow Box Art</description>
                <width>360</width>      
                <height>180</height>
                <align>center</align>
                <aligny>center</aligny>
                <aspectratio>keep</aspectratio>
                <visible>StringCompare((Window(10000).Property(PTVL.VideoWindow)),true)</visible>
            </control>
        </control>
        <control type="grouplist">              
            <posx>409</posx>
            <posy>260</posy>
            <itemgap>1</itemgap>
            <orientation>horizontal</orientation>
            <control type="button" id="6001">
                <description>EPG Label</description>            
                <width>375</width>
                <height>38</height>
                <label>EPG</label>
                <font>font12</font>
                <align>center</align>
                <aligny>center</aligny>
                <textcolor>FFFFFFFF</textcolor>
                <shadowcolor>ff000000</shadowcolor>
                <texturenofocus>NA.png</texturenofocus>
                <texturefocus>EPGbuttonFocus.png</texturefocus>
            </control>               
            <control type="button" id="6002">
                <description>DVR Label</description>              
                <width>375</width>
                <height>38</height>
                <label>DVR</label>
                <font>font12</font>
                <align>center</align>
                <aligny>center</aligny>
                <textcolor>FFFFFFFF</textcolor>
                <shadowcolor>ff000000</shadowcolor>
                <texturenofocus>NA.png</texturenofocus>
                <texturefocus>EPGbuttonFocus.png</texturefocus>
            </control>               
            <control type="button" id="6003">
                <description>OnDemand Label</description>               
                <width>375</width>
                <height>38</height>
                <label>VOD</label>
                <font>font12</font>
                <align>center</align>
                <aligny>center</aligny>
                <textcolor>FFFFFFFF</textcolor>
                <shadowcolor>ff000000</shadowcolor>
                <texturenofocus>NA.png</texturenofocus>
                <texturefocus>EPGbuttonFocus.png</texturefocus>
            </control>               
            <control type="button" id="6004">
                <description>Apps Label</description>        
                <width>375</width>
                <height>38</height>
                <label>APP</label>
                <font>font12</font>
                <align>center</align>
                <aligny>center</aligny>
                <textcolor>FFFFFFFF</textcolor>
                <shadowcolor>ff000000</shadowcolor>
                <texturenofocus>NA.png</texturenofocus>
                <texturefocus>EPGbuttonFocus.png</texturefocus>
            </control>   
        </control>          
        <control type="grouplist">
            <posx>5</posx>
            <posy>258</posy>
            <align>left</align>
            <orientation>horizontal</orientation>
            <itemgap>1</itemgap>  
            <control type="image">
                <description>PTVL RSS Feed Art</description>  
                <width>21</width>
                <height>35</height>
                <aspectratio>keep</aspectratio>
                <aligny>center</aligny>
                <align>left</align>
                <texture colordiffuse="C0C0C0C0">rss.png</texture>
                <visible>Control.IsVisible(505)</visible>
            </control>
            <control type="fadelabel" id="505">
                <description>PTVL RSS Feed Label</description>  
                <width>370</width>
                <height>35</height>
                <font>font10</font>
                <aligny>center</aligny>
                <align>left</align>
                <scroll>true</scroll>
                <scrollout>true</scrollout>
                <pauseatend>900000</pauseatend>
                <angle>90</angle>
                <scrollspeed>40</scrollspeed>
                <textcolor>C0C0C0C0</textcolor>
                <shadowcolor>ff000000</shadowcolor>
                <textoffsetx>20</textoffsetx>
                <resetonlabelchange>true</resetonlabelchange>
                <label>$INFO[Window(10000).Property(twitter.1.label)]</label>
                <label>$INFO[Window(10000).Property(twitter.2.label)]</label>
                <label>$INFO[Window(10000).Property(twitter.3.label)]</label>
                <label>$INFO[Window(10000).Property(twitter.4.label)]</label>
            </control>           
            <control type="label">
                <description>PTVL RSS Feed Art</description>  
                <width>10</width>
                <height>35</height>
                <aspectratio>keep</aspectratio>
                <align>center</align>
                <aligny>center</aligny>
                <label>|</label>
                <font>font10</font>
                <textcolor>C0C0C0C0</textcolor>
                <shadowcolor>ff000000</shadowcolor>
                <visible>Control.IsVisible(505)</visible>
            </control>  
        </control>
        <control type="grouplist">
            <posx>430</posx>
            <posy>20</posy>
            <width>1400</width>
            <orientation>horizontal</orientation>
            <itemgap>5</itemgap>
            <control type="label">
                <description>Show Title Label</description>
                <width min="5" max="1100">auto</width>
                <height>30</height>
                <font>font14</font>
                <textcolor>FF0297eb</textcolor>
                <shadowcolor>ff000000</shadowcolor>
                <scroll>true</scroll>
                <align>left</align>
                <aligny>center</aligny>
                <wrapmultiline>false</wrapmultiline>
                <scrollspeed>40</scrollspeed>
                <scrollsuffix> - </scrollsuffix>
                <label>[COLOR=C0C0C0C0]$INFO[Window(10000).Property(OVERLAY.DYNAMIC_LABEL)] : [/COLOR]$INFO[Window(10000).Property(OVERLAY.Title)][COLOR=C0C0C0C0][B] • [/B][/COLOR][COLOR=FFFFFFFF]$INFO[Window(10000).Property(OVERLAY.SEtitle)][/COLOR]</label>
            </control>
        </control>
        <control type="grouplist">
            <posx>430</posx>
            <posy>60</posy>
            <width>1400</width>
            <orientation>vertical</orientation>
            <itemgap>4</itemgap>
           <control type="image">
                <description>Seekbar Line</description>
                <width>1400</width>
                <height>4</height>
                <texture>seek/progress_mid.png</texture>
                <align>center</align>
                <aligny>center</aligny>
                <visible>!Control.IsVisible(5008)</visible>
            </control>
            <control type="group" id="5008">  
                <control type="progress">
                    <posx>0</posx>
                    <posy>0</posy>
                    <width>1400</width>
                    <height>4</height>
                    <texturebg>seek/progress_back.png</texturebg>
                    <lefttexture border="0">seek/progresscache_left.png</lefttexture>
                    <midtexture border="0">seek/progresscache_mid.png</midtexture>
                    <righttexture border="0">seek/progresscache_right.png</righttexture>
                    <align>center</align>
                    <aligny>center</aligny>
                    <info>Player.ProgressCache</info>
                </control>
                <control type="progress">
                    <posx>0</posx>
                    <posy>0</posy>
                    <width>1400</width>
                    <height>4</height>
                    <texturebg>seek/progresscache_back.png</texturebg>
                    <lefttexture border="0">seek/progress_left.png</lefttexture>
                    <midtexture border="0">seek/progress_mid.png</midtexture>
                    <righttexture border="0">seek/progress_right.png</righttexture>
                    <align>center</align>
                    <aligny>center</aligny>
                    <info>Player.Progress</info>
                </control> 
            </control>  
            <control type="label">
                <description>Show Description</description>
                <width>1400</width>
                <height>90</height>
                <align>left</align>
                <aligny>bottom</aligny>
                <wrapmultiline>true</wrapmultiline>
                <textcolor>FFFFFFFF</textcolor>
                <shadowcolor>ff000000</shadowcolor>
                <font>font12</font>
                <label>$INFO[Window(10000).Property(OVERLAY.Description)]</label>
            </control> 
        </control>
        <control description="Panel" id="500" type="panel">
            <viewtype label="Panel">Panel</viewtype>   
            <posx>425</posx>
            <posy>340</posy> 
            <width>1492</width>
            <height>700</height>
            <orientation>vertical</orientation>
            <onleft>655</onleft>
            <onright>655</onright>
            <onup>655</onup>
            <ondown>655</ondown>
            <preloaditems>4</preloaditems>
            <pagecontrol>60</pagecontrol>
            <content target="video" sortby="title" sortorder="ascending" limit="10">videodb://movies/titles/</content>
            <itemlayout height="360" width="373">
                <control type="image">
                    <posx>0</posx>
                    <posy>0</posy>
                    <width>370</width>
                    <height min="5" max="370">auto</height>
                    <bordersize>-18</bordersize>
                    <texture border="8">borderNF.png</texture>
                    <visible>ListItem.IsSelected</visible>
                </control>
                <control type="image">
                    <posx>0</posx>
                    <posy>0</posy>
                    <width>360</width>
                    <height min="5" max="347">auto</height>
                    <texture background="true">$INFO[ListItem.Art(thumb)]</texture>
                    <aspectratio aligny="top">keep</aspectratio>
                </control>
            </itemlayout>
            <focusedlayout height="360" width="373">
                <control type="image">
                    <posx>0</posx>
                    <posy>0</posy>
                    <width>370</width>
                    <height min="5" max="370">auto</height>
                    <bordersize>0</bordersize>
                    <texture border="8">borderFO.png</texture>
                    <visible>ListItem.IsSelected</visible>
                </control>
                <control type="image">
                    <posx>0</posx>
                    <posy>0</posy>
                    <width>360</width>
                    <height min="5" max="347">auto</height>
                    <texture background="true">$INFO[ListItem.Art(thumb)]</texture>
                    <aspectratio aligny="top">keep</aspectratio>
                </control>
            </focusedlayout>
        </control>         
    </controls>
</window>