<?xml version="1.0" encoding="UTF-8"?>
<addon id="plugin.video.ispot" version="1.1.0" name="iSpot TV Adverts" provider-name="Lunatixz">
    <requires>
        <import addon="xbmc.python" version="2.14.0"/>
        <import addon="script.module.requests" version="2.7.0"/>
        <import addon="script.module.pyfscache" version="0.9.12"/>
        <import addon="script.module.simplejson" version="3.3.0"/>
        <import addon="script.module.beautifulsoup" version="3.2.1"/>
    </requires>
    <extension point="xbmc.python.pluginsource" library="default.py">
        <provides>video</provides>
    </extension>
    <extension point="xbmc.addon.metadata">
        <summary lang="en">iSpot.tv internet's most comprehensive database of nationally airing TV Commercials.</summary>
        <description lang="en">Welcome to the Internet's most comprehensive database of nationally airing TV Commercials. Explore the actors, songs and offers in the spots you see on TV.</description>
        <platform>all</platform>
        <license>GNU GENERAL PUBLIC LICENSE. Version 3, June 2007</license>
        <source>https://github.com/Lunatixz/XBMC_Addons/tree/master/plugin.video.ispot</source>
        <website>http://www.ispot.tv/</website>
        <forum>http://forum.kodi.tv</forum>
        <news></news>
		<assets>
			<icon>icon.png</icon>
			<fanart>fanart.jpg</fanart>
		</assets>
    </extension>
</addon>