<?xml version="1.0" encoding="UTF-8" standalone="yes"?>
<addon id="plugin.video.pseudo.companion" version="0.0.7" name="PseudoCompanion" provider-name="Lunatixz">
    <requires>
        <import addon="xbmc.python" version="2.14.0"/>
        <import addon="script.module.buggalo" version="1.1.6"/>
        <import addon="script.module.requests" version="2.7.0"/>
        <import addon="script.module.pyfscache" version="0.9.12"/>
        <import addon="script.module.feedparser" version="5.1.3"/>
        <import addon="script.module.simplejson" version="3.3.0"/>
        <import addon="script.module.beautifulsoup" version="3.2.1"/>
        <import addon="script.module.metahandler" version="2.9.0"/>
        <import addon="script.common.plugin.cache" version="2.5.5"/>
        <import addon="plugin.video.youtube" version="5.1.8"/>
        <import addon="plugin.video.vimeo" version="4.1.4"/>
    </requires>
    <extension point="xbmc.python.pluginsource" library="default.py">
    <provides>video</provides>
    </extension>
    <extension point="xbmc.service" library="service.py" start="startup"/>
    <extension point="xbmc.addon.metadata">
        <platform>all</platform>
        <description>Control PseudoTV Live via Yatse app. Parse Exclusive Content... Extend PseudoTV Lives Functionality.</description>
        <platform>all</platform>
        <license>GNU GENERAL PUBLIC LICENSE. Version 3, June 2007</license>
        <source>https://github.com/Lunatixz/XBMC_Addons/tree/master/plugin.video.pseudo.companion</source>
        <email>pseudotvlive@gmail.com</email>
        <website>www.pseudotvlive.com</website>
        <forum>http://pseudotvlive.com/index.php/forum</forum>
    </extension>
</addon>
